Datetime,Water Level (m)
2025-05-30 12:00:00,-0.00022372617
2025-05-30 13:00:00,-0.00013991482
2025-05-30 14:00:00,-8.2251245e-05
2025-05-30 15:00:00,-7.786096e-05
2025-05-30 16:00:00,-0.000253744
2025-05-30 17:00:00,-0.00041456782
2025-05-30 18:00:00,-0.0005608503
2025-05-30 19:00:00,-0.0006668251
2025-05-30 20:00:00,-0.0006149298
2025-05-30 21:00:00,-0.0004257115
2025-05-30 22:00:00,-0.0003086397
2025-05-30 23:00:00,-0.000221826
2025-05-31 00:00:00,-0.00014626942
2025-05-31 01:00:00,-7.342196e-05
2025-05-31 02:00:00,-3.0082045e-05
2025-05-31 03:00:00,-7.141051e-05
2025-05-31 04:00:00,-0.0002757145
2025-05-31 05:00:00,-0.00047191457
2025-05-31 06:00:00,-0.00072693033
2025-05-31 07:00:00,-0.00093603163
2025-05-31 08:00:00,-0.0009561147
2025-05-31 09:00:00,-0.00078592816
2025-05-31 10:00:00,-0.00054336316
2025-05-31 11:00:00,-0.00042105129
2025-05-31 12:00:00,-0.00032680985
2025-05-31 13:00:00,-0.0002344812
2025-05-31 14:00:00,-0.00014937588
2025-05-31 15:00:00,-9.164974e-05
2025-05-31 16:00:00,-0.000117696916
2025-05-31 17:00:00,-0.000280911
2025-05-31 18:00:00,-0.00041487886
2025-05-31 19:00:00,-0.00052065344
2025-05-31 20:00:00,-0.0005790766
2025-05-31 21:00:00,-0.00050384086
2025-05-31 22:00:00,-0.0003717675
2025-05-31 23:00:00,-0.00027886216
2025-06-01 00:00:00,-0.0001987088
2025-06-01 01:00:00,-0.0001173912
2025-06-01 02:00:00,-4.1244275e-05
2025-06-01 03:00:00,-1.8541623e-05
2025-06-01 04:00:00,-0.000119635464
2025-06-01 05:00:00,-0.00028918264
2025-06-01 06:00:00,-0.00046431567
2025-06-01 07:00:00,-0.0007010774
2025-06-01 08:00:00,-0.00085895596
2025-06-01 09:00:00,-0.00083570194
2025-06-01 10:00:00,-0.0006718818
2025-06-01 11:00:00,-0.0004893367
2025-06-01 12:00:00,-0.00039258332
2025-06-01 13:00:00,-0.00029844788
2025-06-01 14:00:00,-0.00020648814
2025-06-01 15:00:00,-0.00013454807
2025-06-01 16:00:00,-0.00010602708
2025-06-01 17:00:00,-0.00018257127
2025-06-01 18:00:00,-0.0003337692
2025-06-01 19:00:00,-0.00044652727
2025-06-01 20:00:00,-0.00053201785
2025-06-01 21:00:00,-0.0005722499
2025-06-01 22:00:00,-0.0005150312
2025-06-01 23:00:00,-0.00040993706
2025-06-02 00:00:00,-0.00032707103
2025-06-02 01:00:00,-0.0002630553
2025-06-02 02:00:00,-0.00019823412
2025-06-02 03:00:00,-0.00014233966
2025-06-02 04:00:00,-0.00012839651
2025-06-02 05:00:00,-0.00024763923
2025-06-02 06:00:00,-0.00037291594
2025-06-02 07:00:00,-0.00049732433
2025-06-02 08:00:00,-0.00067082903
2025-06-02 09:00:00,-0.0007749894
2025-06-02 10:00:00,-0.00074300036
2025-06-02 11:00:00,-0.0006007494
2025-06-02 12:00:00,-0.00046865878
2025-06-02 13:00:00,-0.0003806564
2025-06-02 14:00:00,-0.00029010433
2025-06-02 15:00:00,-0.00020749765
2025-06-02 16:00:00,-0.0001380429
2025-06-02 17:00:00,-0.000106813306
2025-06-02 18:00:00,-0.0001761286
2025-06-02 19:00:00,-0.0003066763
2025-06-02 20:00:00,-0.00040533193
2025-06-02 21:00:00,-0.00047960356
2025-06-02 22:00:00,-0.00050010806
2025-06-02 23:00:00,-0.00045852215
2025-06-03 00:00:00,-0.00038630288
2025-06-03 01:00:00,-0.00031501675
2025-06-03 02:00:00,-0.00025221615
2025-06-03 03:00:00,-0.0001899895
2025-06-03 04:00:00,-0.00013829062
2025-06-03 05:00:00,-0.00012769688
2025-06-03 06:00:00,-0.00022321669
2025-06-03 07:00:00,-0.0003471401
2025-06-03 08:00:00,-0.00046927197
2025-06-03 09:00:00,-0.0005894988
2025-06-03 10:00:00,-0.00064316584
2025-06-03 11:00:00,-0.0005785312
2025-06-03 12:00:00,-0.0004807243
2025-06-03 13:00:00,-0.000404751
2025-06-03 14:00:00,-0.0003316422
2025-06-03 15:00:00,-0.00025192706
2025-06-03 16:00:00,-0.0001789036
2025-06-03 17:00:00,-0.00011342561
2025-06-03 18:00:00,-8.253282e-05
2025-06-03 19:00:00,-0.00014036325
2025-06-03 20:00:00,-0.00026315727
2025-06-03 21:00:00,-0.00035485582
2025-06-03 22:00:00,-0.00043687143
2025-06-03 23:00:00,-0.00047905362
2025-06-04 00:00:00,-0.0004590103
2025-06-04 01:00:00,-0.00038933096
2025-06-04 02:00:00,-0.00032116027
2025-06-04 03:00:00,-0.00025741218
2025-06-04 04:00:00,-0.0001902127
2025-06-04 05:00:00,-0.00014159703
2025-06-04 06:00:00,-0.00014191674
2025-06-04 07:00:00,-0.00020877892
2025-06-04 08:00:00,-0.0003074584
2025-06-04 09:00:00,-0.00040490465
2025-06-04 10:00:00,-0.0004942868
2025-06-04 11:00:00,-0.0005327525
2025-06-04 12:00:00,-0.0005157192
2025-06-04 13:00:00,-0.00045457983
2025-06-04 14:00:00,-0.00036714567
2025-06-04 15:00:00,-0.00029347066
2025-06-04 16:00:00,-0.00021786038
2025-06-04 17:00:00,-0.00015092638
2025-06-04 18:00:00,-8.806837e-05
2025-06-04 19:00:00,-7.9670855e-05
2025-06-04 20:00:00,-0.00014066085
2025-06-04 21:00:00,-0.00025481574
2025-06-04 22:00:00,-0.00035031573
2025-06-04 23:00:00,-0.00044532333
2025-06-05 00:00:00,-0.0004901945
2025-06-05 01:00:00,-0.00048552832
2025-06-05 02:00:00,-0.00043314285
2025-06-05 03:00:00,-0.0003509044
2025-06-05 04:00:00,-0.00028276295
2025-06-05 05:00:00,-0.00021608952
2025-06-05 06:00:00,-0.00015855949
2025-06-05 07:00:00,-0.00014228499
2025-06-05 08:00:00,-0.00019640142
2025-06-05 09:00:00,-0.00029610255
2025-06-05 10:00:00,-0.00038485441
2025-06-05 11:00:00,-0.00047093636
2025-06-05 12:00:00,-0.00051853235
